,Restaurant Name,Location,Phone Number,Business Hours,Review Menu
74,그루비그루비(Groobgroobb),"44 ถนน เจริญราษฎร์ Bang Khlo, Bang Kho Laem, Bangkok 10120 태국",+66982414265,15:30-00:00 (월요일 휴무),"무늬바리회 (반마리/31000원), 타이거새우회(1마리/16500원),"
173,시드니피쉬마켓,"Corner Pyrmont Bridge Rd &, Bank St, Pyrmont NSW 2009 오스트레일리아",+61290041100,07:00-16:00,
37,주문진항샵20,강원 강릉시 하평길 68,033-651-1144,"17:00-22:00 (일, 월 휴무)","자연산 막회(소/45,000원), 매운탕(8,000원), 면사리(1,000원)"
150,부흥횟집,강원 동해시 일출로 93 부흥횟집,033-531-5209(바쁠 때 전화 잘 안 받는 것 같았음),"10:30-22:00(14:30-17:00 브레이크 타임), 첫 째주 일요일 휴무","회덮밥(15,000원), 물회(15,000원)"
22,봉포머구리집 본점,강원 속초시 영랑해안길 223 봉포머구리집,0507-1404-2026,매일 10:00-21:30,"전복물회(22,000원)"
114,초장집,강원 원주시 나비허리길 29 초장집,0507-1348-5408,17:00-04:00 일요일 휴무,"막회(2인/38,000원)"
11,우리송어양식장횟집,강원 춘천시 우묵길60번길 26,033-242-1143,11:30-21:00 (라스트오더 19:00),"송어회 무한리필(20,000원/3인이상) ※2인은 인당 3만원"
195,행복생선,경기 고양시 덕양구 지축1로 39 지축프라자 111호 1층,0507-1359-1496,15:00-23:00 (월요일 휴무),"오늘행복숙성회(소/35000원), 오늘행복초밥(23000원), 아귀간(12000원/회or초밥 주문시 주문가능)"
92,임가네 한우마을 본점,경기 고양시 덕양구 흥도로 443-12 임가네한우마을,031-968-3800,11:00-22:00,"육회비빔밥(8,000원), 갈비탕(8,000원), 육회(500g/24,000원), 육사시미(300g/36,000원)"
127,토오루,경기 고양시 일산동구 장백로 178 1층 108호,,,런치 오마카세 (1인/38000원)
39,상무초밥 라페스타점,경기 고양시 일산동구 중앙로1275번길 38-31 라페스타A 1층 101호,0507-1327-6148,매일 11:00 - 23:00 연중무휴,"모듬스시(11000원), 스시 모리아와세(18000원), 후토마끼(1줄/18000원)"
229,아라믌고기,경기 고양시 일산서구 경의로917번길 39 3동 1층,031-917-1217,11:30-22:00 (14:00-17:00 브레이크 타임),"범가자미(100g당 130,000원)"
200,향초초밥,경기 고양시 일산서구 호수로856번길 8-17,,11:30-22:00 (일요일 휴무),"모둠초밥(17000원), FULL초밥(25000원)"
70,가치,경기 구리시 안골로57번길 14-11 1층,0507-1457-7920,16:30-01:00 (월요일 휴무),"제철 모둠 사시미(2인/40000원), 참소라스미소아에(17000원)"
56,해신,경기 김포시 김포한강9로 79 104호 해신,0507-1402-4010,17:00-01:00(월요일 휴무),"스페셜 숙성 모둠회(66000원), 해신 매운탕 (21000원)"
171,돼지집,경기 김포시 풍무로 221,0507-1409-5436,10:30-22:00,"새우무한리필(29,900원), 머리튀김(3,000원)"
66,전류리사랑호,경기 김포시 하성면 금포로 1923 전류리 사랑호,0507-1444-3680,매일 09:30-21:00,"숭어1kg(12,000원), 야채상차림비(인당 2,000원), 숭어&참게장(18,000원)"
201,모에모에,경기 남양주시 도농로 29 B1층 모에모에,0507-1376-2504,17:00-01:00,"2인 모에모에 세트(49,000원)"
53,고래의 꿈,"경기 성남시 분당구 야탑로 247 1층 102호(야탑동, 지현프라자)",031-702-8886,17:00-24:00 (현재는 휴무 없음),"숙성회(중/70000원), 매운탕(10000원)"
94,오늘의회전초밥,경기 수원시 영통구 광교중앙로 170 b101호,0507-1332-9644,11:30-21:00(14:00-17:00 브레이크타임/수요일 휴무)+1월22일 설휴무,"후토마끼(2000원), 고등어봉초밥(2개/4000원), 한우스테이크군함초밥(2개/4000원), 단새우계란초밥(1개/4000원), 성게블랙타이거새우초밥(6000원)"
197,좋은소식,경기 수원시 영통구 매영로269번길 43,0507-1307-1228,11:30-21:00(브레이크타임 15:00-17:30/일월화 휴무),
51,쿄쿄식당,경기 수원시 영통구 반달로 28 1층 쿄쿄식당,0507-1347-0546,"17:00-24:00 (월, 화 휴무)","제철사시미(2인/35,000원), 봉골레나베(20,000원), 녹파주(15,000원), 크림게살코로케(7,000원)"
106,사계동,경기 수원시 영통구 센트럴파크로127번길 1,,11:30-21:30 (목요일 휴무),"참치덮밥(15000원), 사계동(25000원), 후토마끼(19000원)"
107,어풍당당 망포역점,경기 수원시 영통구 영통로214번길 13 1층,0507-1491-7750,14:00-01:00 (일요일 휴무),"무한리필(1인/32000원), 상차림비(1인/1000원)"
164,수산포차 청해,경기 수원시 영통구 영통로90번길 30,031-206-2325,매일 16:00-22:00,모둠회(3인/90000원)
152,아빠회사가,경기 수원시 영통구 청명남로50번길 5-10 1F,0507-1395-8876,10:00-23:30(일요일 휴무),
14,시골집우렁이쌈밥,경기 수원시 팔달구 행궁로84번길 10-8,,11:00-22:00 (브레이크 타임 15:30-16:30/일요일 휴무),무한리필 오마카세 2인(인당 45000원/현금가 40000원)
183,숙성회(네이버에 '정왕 숙성회'라 치면 쉽게 나옴),경기 시흥시 오동마을로5번길 42 1층 숙성회,0507-1423-2227,11:00-23:00(매주 목요일 휴무),"모듬 숙성회(25,000원), 물회(13,000원), 카리카리오징어튀김(15,000원)"
206,남도횟집,경기 안산시 상록구 예술광장로 29,031-413-7010,12:30-23:00 (낮에 방문시 예약 필수/휴무는 문의),(120000원)
231,스시바이킹(안산점),경기 안산시 상록구 항가울로 422 롯데마트 4층,0507-1359-0101,12:00-21:00 매일(평일 런치는 퇴장시간 기준으로 금액이 적용됨),주말런치(1인/29900원)
50,방축역돔횟집,경기 안성시 양성면 동항리 642-2 방축역돔횟집,031-673-4780,"매일 10:00 - 20:00 (명절, 연휴기간 휴무/방문전 전화추천)","역돔회(1kg/18000원), 회무침(1kg/20000원) 매운탕(7000원)"
93,무스비,경기 안양시 동안구 인덕원로 12 1층 103호 무스비,0507-1427-0726,"18:00-01:00 일요일 휴무, 10/31 휴무","숙성회 2인(38,000원), 라구나스텐(20,000원), 탄탄 니꾸우동(17,000원)"
131,쿠우쿠우 골드 민락점,경기 의정부시 천보로 56 해동2타워 9층,031-852-6279,매일 11:00-21:50,"주말성인(1인 31,900원)"
55,키누카누 파주점,경기 파주시 경의로 1074 5층,031-942-9495,매일 11:30-22:00,"주말&공휴일 (인당 29,900원)"
134,킬맨참치 야당점,경기 파주시 경의로 1102 유은타워 1차 101호,0507-1318-2668,16:00-01:00 (화요일 휴무),"무한리필A(인당/19,000원)"
143,랍다횟집,경기 파주시 송학1길 45-1,031-947-1217,"17:00-24:00(일요일 휴무), 7월25일~7월28일까지 휴가",2번 모둠회(80000원)
225,삿뽀로 하남점,경기 하남시 미사대로 464 2층,031-796-0065,,
135,참조은하루,경기도 고양시 일산동구 중산동 1578,031-975-7219,,
179,통영문참치 본점,경남 거제시 고현동 971-9 2층,055-633-5846,12:00-22:00(14:30-17:00 브레이크타임/월휴무),"코스C 2인분(인당90,000원)"
220,명화식당,경남 거제시 동부면 동부로 15,055-633-2985,매일 12:00 - 19:00 부정기적 휴무,
48,맥시칸치킨 성포점,경남 거제시 사등면 성포리 350-9,055-633-7307,,
233,효진수산횟집,경남 거제시 장목면 외포5길 58 효진수산횟집,055-636-9006,매일 08:00-21:00,"멸치코스(1인/20,000원) 2인부터 주문 가능"
146,나산집,경남 사천시 곤양면 단숙길 4 나산집,0507-1332-2969,10:30-19:00(15:00-17:00 브레이크타임),장어구이백반4인분(1인/15000원)
120,도시크랩&크랩 직판장,"경남 양산시 물금읍 범어로 106 1층 117,118호 도시크랩 크랩직판장",0507-1357-4684,17:00-23:00 (주말은 13:00부터),"대게 3KG(1KG당/59000원), 기본상차림비(1인/6000원), 대게라면(7000원), 대게내장 볶음밥(5000원)"
187,해송복국,경남 양산시 평산로 45-10 1층,050-4110-2780,10:00-22:00 (점심특선은 11:00-15:00까지만 가능),회정식(1인/15000원)
162,스시쿄우다이,경남 진주시 새들말로 34-4 110호 스시쿄우다이,0507-1362-7532,11:30-22:00 (15:30-17:30 브레이크 타임/월 휴무),시그니처
219,고가네,경남 창원시 마산합포구 동서북11길 2,055-221-8877,"17:30-22:00(1,3째 일요일 휴무)","초밥(13개/10000원), 학꽁치회(15000원),보리새우구이(20000원)"
33,노다지횟집,경남 창원시 마산합포구 산호남로 61-1,055-244-4007,11:20-22:00(월요일 휴무),특선코스A(12000원)
170,비진도횟집,경남 창원시 마산회원구 회원남로 14 삼보빌딩,055-246-3070,11:00-20:00(변동될 가능성 있기에 식당에 문의),"회덮밥(1인/8000원), 모둠회(소/35000원)"
174,용원횟집,경남 창원시 진해구 용원동로 242-6 용원횟집,055-547-0455,매일 10:00-20:00(브레이크타임 없음),
109,동부회센타,경남 창원시 진해구 천자로 5,055-541-0932,11:30-22:00(매주 화요일 휴무),"모둠회(소/10000원), 해산물모듬(20000원), 잡어물회(중/23000원)"
226,도남회식당,경남 통영시 동호안길 29-5,010-2067-6579,새벽부터 오후 1-2시까지,회정식(1인분/8000원)
137,용산회식당,경북 경주시 내남면 포석로 112,054-748-2119,08:30-14:00(월휴무/재료 소진시 일찍 영업종료 할 수 있음),회덮밥(12000원)
180,삐에노 스테이크 뷔페,경북 구미시 산동읍 신당1로4길 5-6 2층,0507-1415-0510,"평일 17:00-21:00 주말 11:30-21:30(15:00-17:00/브레이크타임), 월 화 휴무",평일 (33000원/1인)
232,바다회백화점,경북 안동시 경동로 960,054-821-7900,11:00-23:00,"모듬회(중/50,000원)-포장가격"
63,쏙물회(전/바다정원),경북 영덕군 강구면 영덕대게로 453,,,"컵물회(8000원), 샷추가(2000원)"
149,연수횟집,경북 울진군 후포면 울진대게로 49 1층,054-788-6633,매일 10:00-22:00,"모듬회(소/60,000원)"
217,스쿠버의 집,경북 포항시 남구 문예로 130,054-272-1773,17:00-24:00(일요일 휴무),특대 모둠스페셜 15만원(4인 기준)
139,한우촌(농성역),광주 서구 군분로 180 1층,0507-1476-3118,11:00-22:00(14:00-17:00브레이크타임) 일요일 휴무,"생고기(600g/74000원), 육회비빔밥(9000원), 후식냉면(5000원), 후식떡국(5000원)"
83,전라상회,"노량진수산시장 1층 북3분 인근 활어-160, 활어-161",010-3669-5707,09:00-21:00,"돼지방어(중/100,000원)"
18,전라상회,노량진수산시장 1층 에스컬레이터 인근,010-3669-5707,09:00-21:00,범가자미(3인/11만원)
97,,노량진수산시장 B1 E14 기둥 앞,02-2254-8488,00:00-17:00,"줄무늬전갱이 필렛, 참돔필렛, 벤자리 필렛"
28,민지회수산(민지네회수산or민지네물회),대구 남구 대봉로 37,053-473-7942,월~토 13:00-23:00/ 일 13:00-22:00(포장은 더 일찍도 가능),"모듬회(28,000원), 물회(10,000원)"
5,일출수산,대구 동구 율하동로28길 54,053-965-5326,11:00-22:00(15:00-16:00/브레이크타임),회 무한리필(1인당/26000원)
158,불로회수산 본점,대구 동구 팔공로30길 9 불로회수산 본점,0507-1349-8070,매일 11:00-23:00,"점심특선 회덮밥(6,000원), 불로특물회(12,000원)"
224,국가대표 민물장어 무한리필 본점,대구 서구 와룡로 367 1층,0507-1462-9601,매일 11:00-22:00,"장어 무한리필(1인/25,000원)"
188,형제수산,대구 수성구 수성로 331,053-249-5874,매일 12:00-01:00,
95,이자카야 단,대구 수성구 청솔로2길 63-5 1층 izakaya단,0507-1392-3554,"매일 17:00-24:00(일요일만 23시 마감), 매달 4번째 일요일 휴무","오늘의 숙성회(400g/45,000원), 네기카츠(15,000원), 얼칼매운탕(16,000원), 너무맛있는생선구이(13,000원/이벤트 제공)"
19,금주 by 카네바시라,대구 중구 국채보상로150길 92 2층,0507-1496-0127,17:00-01:00 (일요일 휴무),"모둠 숙성회(중/40000원), 츠쿠네(15000원), 청어소바(15000원)"
208,형제횟집,대전 대덕구 중리로76번길 22 형제횟집,0507-1300-2957,매일 11:30 - 23:00 일요일 휴무,고급모둠회(대/70000원) +10월부터 3000원 인상 예정
124,천구네,대전 서구 대덕대로 189 모테크리닉타워 2층 천구네,070-4184-1009,18:00-23:00(거리두기로 인해 현재는 21:00/휴무는 일요일),"모둠사시미(41000원), 카키후라이(12000원), 솥밥(24000원)"
64,보물섬수산,대전 유성구 계룡로 15-3 보물섬수산,070-4135-4827,매일 11:30-23:00,"활새우&꽃게찜 무한리필 (1인당/35,000원)"
121,동낙스시,대전 유성구 봉명서로 61-7 1층,0507-1369-8399,"매일 11:00-20:30, 14:30-17:00 브레이크타임(매월 2. 4째 수요일 휴무)","천국의 계단 프리미엄(52,500원), 스페셜초밥(22,500원), 송이우동(7,500원)"
78,광땡,도련일동 1963-12,0507-1352-8238,17:00-22:00(일요일 휴무),광땡 무한리필 세트(1인/27000원)
147,오마연어,부산 남구 유엔평화로 162,,16:00-02:00 (화요일 휴무),
129,야스마루,부산 부산진구 서전로38번길 35-14,010-7144-7600,"12:00-21:00(15:00-17:30/브레이크타임), 매월 둘 째, 넷 째 월 휴무","파랑국수(11000원), 고등어봉초밥(29000원), 가지덴카쿠(11000원)"
165,사천횟집,부산 부산진구 엄광로 15,051-894-4004,11:00-21:00 (휴무는 전화로 확인),"모듬회(30,000원), 물회(12,000원)"
193,남해달인횟집,부산 사하구 사리로 56-1,051-292-8838(예약하는 걸 추천!),"12:00-21:30(브레이크타임/14:00-17:00), 월요일 휴무",
103,효탄,부산 사하구 승학로 63 1층 효탄,0507-1432-7602,매일 17:00-24:00,"홀렌다이즈 플레터(13,000원), 사시미 모리아와세 (2인/54,000원), 꼬치고기 숯불구이(9,000원), 계절 모듬튀김(25,000원)"
59,대연횟집,부산 서구 구덕로286번길 26 (https://naver.me/F2vCeYru),051-243-5601,연락 후 확인(유동적),"모듬회(소/20,000원), 회비빔밥(6,000원)"
26,새우까는집,부산 서구 구덕로296번길 7,0507-1454-0148,"평일 16:00-24:00, 주말 13:00-24:00","새우 무한리필(1인/25000원), 셀프라면(3000원)"
213,우리포차 2호점,부산 수영구 광일로29번길 11 1층 우리포차 2호점,010-8033-6342,16:00-23:00(거리두기 단계에 따라 변경될 수 있음),"방어회(소/60000원), 방어김밥(15000원), 고노와다(13000원)"
228,마라도,부산 수영구 민락본동로11번길 38,,18:00-22:00(1부18:00-20:00 2부 20:00-22:00/일요일 휴무),"오마카세 코스(인당 110000원), 콜키지 무제한(인당 10000원)"
21,광안리 길수횟집,부산 수영구 민락수변로 103 밀레니엄프라자,051-753-5369,11:00-24:00,"길수A(1인/50,000원)"
10,자갈치횟집,부산 수영구 수영로702번길 28 자갈치횟집,051-757-5600,11:30-22:00 (14:30-16:30 브레이크 타임),"고급회코스(75,000원/2인)"
0,신선물회,부산 영도구 절영로35번길 16,0507-1313-1479,11:30-21:00(월요일 휴무),"모둠회(2인/50,000원)"
236,멍텅구리,부산 영도구 절영로93번길 11,051-415-2421,12:30-저녁즈음 (휴무 랜점),"빙장회(20000원), 문어(30000원)"
230,영도 중리해녀촌,부산 영도구 중리남로 2-36 영도해녀문화전시관 1층,없음,대략적으로 낮 12시부터 유연하게,"모듬(소/30000원), 김밥(2줄/5000원), 성게(1접시/10000원)"
13,경남상회,부산 중구 자갈치로 42 (신동아시장 1층 1호) *5월이후에는 자리 이동한다고 함,051-246-5808,10:00-21:00(다를 수 있으니 전화로 문의),인당 3만원 코스(2인)
38,부산명물횟집,부산 중구 자갈치해안로 55,051-245-7617,,
61,송천 스시&사누끼우동 회전초밥,서산휴게소 목포방향,041-688-8814(서산휴게소 안내소 전화번로),08:00-18or19:00(화요일 휴무),
160,보물섬,서울 강남구 강남대로120길 40,02-543-3563(전화로 예약필수),17:00-05:00 (코로나 거리두기로 현재는 21:00까지),"대방어 특수부위(180000원), 대방어김치찜(중/35000원)"
125,김천재의육회반한연어 신논현본점,서울 강남구 논현동 181-8 2층,0507-1415-1113,매일 10:00 - 04:00 오전 10시부터 새벽 4시까지 정상영업,"1m무한리필 2인분(1인분/29900원), 해물라면(5900원)"
185,고래불,서울 강남구 논현로79길 62 백악빌딩 1층 고래불,02-556-3677,11:00-21:30(14:30-17:00 브레이크타임/주말은 브레이크타임 없음),바다풍경 코스(1인/95000원)
153,숙성회장,서울 강남구 삼성로85길 32 동보빌딩 2층,0507-1305-0805,16:00-23:00(휴무/일요일),"시그니처 숙성회(112000원), 시그니처 아귀간 크라상(16000원),"
215,스시도우,서울 강남구 선릉로129길 13 2층 스시도우,0507-1371-8011,"11:30-22:00 //15:00-18:00 브레이크타임// (일, 월 휴무)","런치 세트(1인/28000원), 디너 세트(1인/38000원)"
145,마구로동우니도,서울 강남구 선릉로93길 11 1층,0507-1364-0539,11:30-21:00(15:00-17:00) 일요일 휴무,"마구로카이센동(20,000원), 마구로 전주식 육회동(20,000원), 혼마구로 도로도로동(35,000원) , A급 성게 (20g/12,000원)"
57,도슬박,서울 강남구 신사동 643-3 1층,0507-1498-1171,11:30-22:00(일요일 휴무/15:00-17:00 브레이크타임),"떡갈비(18000원), 바다를담은반상(39000원), 항정살강정(14000원), 장어반상(23000원)"
221,카이센동 우니도,서울 강남구 압구정로2길 15 1층 카이센동우니도,010-4930-0512,11:30-21:00(일요일 휴무),"카이센동(18000원), 특별한 카이센동(38000원), 아부리 돈부리(15000원), 우니크림고로케(5000원)"
234,크랩52,서울 강남구 영동대로 511 52층,1644-2066,12:00-21:00(월휴무),성인(1인/200달러) *달러 받음
79,보노보노 삼성점,서울 강남구 테헤란로 508 해성2빌딩 지하1층,02-3288-8080,12:00-15:00/17:00-21:00(휴무 없음),평일디너(성인/75000원)
41,대사시미,서울 강남구 테헤란로4길 6,02-6964-7783,12:00-24:00(사회적거리두기로 변경될 수 있음),
77,이한진숙성회(뭉텅횟집),서울 강동구 구천면로 247-1 2층,,평일 17:00-23:00(토요일 16:00부터/일요일은 휴무),"숙성회(중/47000원), 매운탕(7000원)"
101,송하정스시,서울 강동구 상일로 39-8,,[픽업가능/12-13:30/17:20:30] 그 외의 시간에 전화예약 가능.,
123,청조 다도해수산,서울 강동구 양재대로87길 15 청조 다도해수산,02-488-4232,11:20-22:20 (휴무는 전화로 문의),"대방어(중/60000원), 고등어초절임(소/35000원)"
190,인생횟집,서울 강동구 올림픽로92길 11,02-478-1802,16:00-22:00 일요일 휴무,"오마카세 (1인/30,000원)"
237,고흥선어회맛집,서울 강동구 진황도로27길 91,02-482-2562,11:00 - 유연하게 운영(전화로 영업시간 확인 필수),"모둠회(중/30000원), 곱창전골(소/20000원)"
54,스시마차,서울 강북구 도봉로8길 38 지층,0507-1404-8929,매일 17:00-23:50 (방문 전 영업확인 필수),"제철모듬회(49,000원), 모듬초밥(13,000원), 알탕(15,000원)"
46,진호횟집,서울 강북구 도봉로98길 33 진호횟집,0507-1381-9915,16:00-24:00(일요일 휴무),진호세트(대/57000원)
132,남해매운탕회집,서울 강북구 삼각산로 104,0507-1313-3849,매일 11:00-22:30,모듬회(중/95000원)
71,키누카누 본점(발산점),"서울 강서구 공항대로 247 퀸즈파크나인 b103, b104호",0507-1438-9876,11:30-10:00(무휴),
166,이춘명숙성회 마곡직영점,"서울 강서구 마곡중앙6로 21 . 117,118호",02-2658-9997,"월~토 15:30-24:00, 일 12:30-22:00","숙성회모둠(중/59,000원), 2번셋트(19,000원), 모둠튀김(17,000원)"
24,코함치에,서울 강서구 방화동로 11 1층,0507-1375-7602,"11:00-22:00(브레이크타임 14:00-17:00/휴무는 2, 4주 일요일)",코스요리 무한리필(1인 30000원)
87,현대생선구이,서울 강서구 방화동로10길 7,02-2699-2690,12:00-22:00(월요일 휴무/주말은 12:30 오픈),현대회정식(1인 15000원/2인 이상 주문가능)
108,스시상점,서울 관악구 관천로16길 47 1층 해피하우스,02-882-9205,"평일 18:00-03:00, 토일 17:30-03:00 (화요일 휴무)","오늘의 모듬 사시미(2인/37000원), 아게다시도후(7000원), 옹심이백합나베(17000원)"
204,도모야회포차,서울 관악구 봉천로 615 지하 1층,0507-1401-5467,17:30-03:00(일요일 휴무),"고등어회(25000원), 노랑새조개회(15000원), 통대구튀김(14000원), 전복치매운탕(16000원)"
168,수왕초장집 구로점,"서울 관악구 시흥대로 550 1층, 2층",0507-1356-0198,매일 11:30-01:00,"구로 초장집 회정식(2인/인당 15,000원"
136,올바른 숙성회,서울 관악구 신림로23길 42 1층,0507-1363-5638,17:00-03:00,"올바른 모둠 숙성회(대/33900원) 모듬 물회(24900원), 콘치즈(9000원), 매운탕(9000원), 수제비 사리(1000원)"
222,혼맛스시,서울 관악구 신림로66길 12 1층,0507-1302-3203,17:00-23:00(매주 월요일 휴무),"오마카세스시(20000원), 아귀간(15000원)"
138,도림항,서울 관악구 조원로4길 8 도림항,070-7793-0385,17:00-00:00,"오늘의숙성회(43000원/약2인분), 미나리동백바지락탕(26000원)"
203,전라도 횟집,서울 광장시장 내에 위치해 있으며 영상에서 확인,02-2263-9463,"매일 12:00-22:00, 매달 다섯 번째 일요일 정기 휴무","모둠회(2인/20,000원)"
91,이이요,서울 광진구 능동로32길 6,02-3437-2225,11:50-22:00(14:10-17:00 브레이크 타임/일요일 휴무),"카이센동A(38,000원), 이이요마끼(12,000원), 붕장어튀김(15,000원)"
12,동해안이야기,서울 광진구 면목로 167,02-469-2649,15:00-22:00(월요일 휴무),"숙성회(소/37,000원), 전복물회(소/20,000원)"
156,스시메이진 구로점,서울 구로구 디지털로 300 지밸리비즈플라자,02-6344-3782,매일 11:30-22:00,"평일 디너(23,900원)"
191,스시코리아(네이버엔 '하계 스시선'이라고 적어야 나옴),서울 노원구 하계동 284 세이브존 지하1층,따로 없음,세이브존 영업시간과 동일(상황에 따라 유연하게 운영),
116,우리수산('방학역 우리수산'이라고 검색하면 나옴),서울 도봉구 도봉로153길 26,02-3492-3888,12:00-21:00 (휴무는 전화로 확인),"3만원 모둠회(곁들이 안주 포함), 4만원 모둠회(곁들이 안주 포함)"
177,광어2마리 15000원,서울 동대문구 망우로 71 1층,02-2245-3570,11:00-00:30 (휴무 없음),"광어회(3인분/33000원), 모듬해산물(소/17000원), 연어초밥(10개/10900원), 매운탕(5000원)"
117,후루사토,서울 동대문구 망우로18마길 16-1,0507-1314-8563,17:00-01:00(월휴무),"안주 오마카세(인당10,000원/2인부터 주문 가능), 짐빔하이볼( 6,000원), 농어사시미(10,000원), 꽃새우우니(20,000원)"
212,스시카야 논데,서울 동대문구 장한로27길 46 1층,0507-1366-2081,1부 17:30-19:30 /2부 20:00-22:00,오마카세(1인/52000원)
80,전라상회,"서울 동작구 노들로 674 노량진수산시장 1층 활어 160, 161호",010-3669-5707,매일 09:00-21:00 (예약은 조기 마감 될 수 있음),
141,해바라기수산,서울 동작구 동작대로29나길 9 1층,010-2034-5789,10:00-20:00 (휴무는 전화로 확인/재료 소진 시 일찍 문 닫을 수 있음),"광어초밥(10개/10000원), 광어지느러미초밥(10개/14000원), 연어초밥(약 290g/23000원), 족발(대/25000원)"
60,미소네,서울 동작구 동작대로7길 32,02-587-7191,매일 16:00-23:00,"물회(대/70,000원), 고등어초회(10,000원), 라면(5,000원)"
126,요란한부엌,서울 동작구 사당로30길 126,02-582-6011,"17:00-21:00 (주말, 공휴일 휴무)","삼색사시미(과도연/67,000원), 마끼초밥(5,000원), 토마토홍합(2,3000원), 면추가(6,000원)"
118,우리회포차 사당점,서울 동작구 사당로30길 148 1층,0507-1396-0143,"14:00-24:00 (일요일 휴무/금, 토는 새벽 1시까지 영업)",대방어스페셜(대/73000원)
65,해물포차꼴통3호점,서울 동작구 장승배기로16길 162,,매일 17:30-03:00,"모둠회(소/12000원), (대/22000원), 초대리밥(2000원), 회무침용야채(3000원), 매운탕(7000원)"
43,스시지현,서울 마포구 동교로 227-7 1층 스시지현,0507-1473-2022,11:30-21:30 (브레이크타임 15:00-17:00) 화요일 휴무,모둠초밥C(23000원)
128,바다회사랑 1호점,서울 마포구 동교로27길 60,02-338-0872,매일 14:00-24:00,"방어+연어(중/80,000원)"
3,진미식당,서울 마포구 마포대로 186-6,02-3211-4468,12:00-20:00 (15:30-17:00 브레이크타임/일요일 휴무),간장게장2인분 (1인분/41000원)
104,더형제,서울 마포구 마포대로 92 효성 해링턴 스퀘어 B동 1층 14호,0507-1442-0254,11:25-22:00(15:30-17:00 브레이크타임),B코스2인(인당 7만원)
84,마키노차야 마포점,서울 마포구 마포대로 92 효성해링턴스퀘어 A동 9층(L층),02-565-1116,11:00-21:00 (15:00-18:00 브레이크타임),"평일런치(45,000원)"
100,다이닝원 상암점,서울 마포구 매봉산로 80 PARK M 지하 1층,0507-1332-6274(당일 예약은 안 됨),11:00-21:00,주말 성인(29900원/1인)
9,동해횟집('신촌 동해횟집'이라 검색하면 나옴),서울 마포구 백범로 17,02-719-6057,12:00-02:00 (휴뮤일은 전화로 문의),"회덮밥(5000원/카드결제시 5500원), 모듬회(35000원)"
99,타로야,서울 마포구 와우산로 50 2층,,"17:00부터 금토는 04:00까지, 월~목은 02:00, 일은 24:00까지","모듬사시미(소/28,000원), 차슈(20,000원), 나가사키해물짬뽕(20,000원)"
73,난바다,서울 마포구 와우산로17길 14 2층,0507-1309-7061,"평일은 17:00-23:00 ,토일은 13:00-21:30 (월,화 휴무)",
210,고운초밥,서울 마포구 토정로 271 1층 고운초밥,0507-1355-1251,11:30-22:00 (매주 일요일 휴무),"고운스페셜(29,000원), 규동(9,000원), 회덮밥(10,000원)"
159,이츠동,서울 서대문구 신촌로31길 14 1층,0507-1321-3438,17:00-22:00(일요일 휴무),"방어회초절임덮밥(20,000원), 민찌소보루덮밥(7,500원), 성게알참다랑어중뱃살덮밥(L/45,000원), 장어덮밥 (몸통/28,000원)"
6,연어상회 신촌점,서울 서대문구 연세로12길 20 현석빌딩 1층 연어상회,0507-1324-3177,매일 11:00-01:00,점심특선
7,히까루,서울 서대문구 연세로7안길 8 2층 히까루,0507-1421-3938,17:00-01:00,"연어 무한리필코스(1인분/24,000원) *2인부터 주문가능, 이용시간 2시간"
105,하늘초밥,서울 서대문구 이화여대2길 14 1층 하늘초밥,0507-1366-4573,,
192,프로간장게장 본점,서울 서초구 강남대로97길 9,,10:00-05:00(연중무휴),"간장게장 특대 2마리(115000원), 양념게장 특대 1마리(60000원), 공기밥 (1000원)"
205,심비디움2,서울 서초구 방배천로 11 파스텔시티 5층,0507-1486-3901(예약은 8인부터 가능),"매일 10:00-15:30, 17:30-22:00",성인 평일 디너 (39800원/1인)
216,모슬포숙성회 신논현점,서울 서초구 사평대로 349 2층 모슬포,0507-1494-7712,매일 13:00 - 01:00 일요일휴무,"숙성회3인(70000원), 새우&문어튀김(16000원), 매운탕(10000원)"
85,마구로쇼쿠도,서울 성동구 상원2길 1 지하1층 마구로쇼쿠도,02-468-5141(따로 예약X),11:00-15:00,"하브동(중/25000원), 네기도로동(13500원), 쯔루하이 브라크 아게(9800원)"
31,훈연,서울 성동구 서울숲4길 22-7,0507-1318-1399,11:00-21:00 (15:00-16:00 브레이크타임/월요일 휴무),"훈연동(31000원), 우나기동(특/39000원), 와라야끼동(15000원), 카이센동(19000원)"
58,오츠쿠리,서울 성동구 장터길 44-2 2층,0507-1446-7173,17:00-24:00 (월요일 휴무),"모둠 사시미(3인/52000원), 후토마끼 (15000원), 우니감태육회(35000원)"
111,우토,서울 성북구 보문로30길 33,0507-1311-7145,매일 17:00-02:00 (일요일은 01:00까지),"사시미 모리와세(32,000원), 후토마끼(18,000원), 온센타마고 멘치카츠(8,000원), 해물요세나베(18,000원)"
148,연화객당,서울 성북구 정릉로26길 61 1층 연화객당,0507-1367-2721,17:00-23:00 (월요일 휴무) 12월25일 1월1일 휴무,"모듬회(32000원/소), 유린기(15000원), 단새우튀김(15000원)"
30,남해바다마차,서울 성북구 한천로78길 71 선우빌딩,"02-966-5036(자리예약X, 포장예약만 가능)",15:00-21:00(포장은 그 이후에 가능할 수 있기에 문의),"방어회(3인분/90000원), 목판말똥성게(200g/80000원), 김(2000원)"
52,대흥수산,서울 송파구 가락동 600 가락시장,010-5780-0144,전화로 문의(정확히 표기되어 있지 않음),"시그니처 오마카세 모둠회(4인/200,000원)"
27,탄포포,서울 송파구 백제고분로7길 52-19 1층 탄포포,0507-1315-5518,16:00-00:00(월요일 휴무),모듬사시미(55000원/2-3인분)
23,스시문정,서울 송파구 법원로 128 문정 sk v1 gl 메트로시티 B동 지하1층 119호,0507-1302-2459,"런치 12:00-13:30, 디너 18:30-20:30","런치 오마카세(35,000원)"
184,냠냠물고기 루프탑라운지,서울 송파구 송이로 135 6층 냠냠물고기 2호점,,17:00-23:00(매주 일요일 휴무),사시미 오마카세(1인/65000원)
75,식도원,서울 송파구 양재대로71길 19-15,02-418-7446,17:00-23:00(일요일 휴무),"모듬회(중/70000원), 해물라면(5000원), 히레소주(5000원)"
82,갓덴스시 롯데월드몰점,서울 송파구 올림픽로 300 롯데월드몰 5층,0507-1303-4519,매일 10:30-21:30,
29,미오 소피텔 앰배서더 서울점,서울 송파구 잠실로 209 Sofitel Ambassador Seoul Hotel 3F MIO,02-2092-6102,매일 11:30-22:00 (14:30-18:00),사케갈라디너(250000원/1인)
42,토다이U 목동점,서울 양천구 목동동로 401 부영그린타운2차 지하1층,02-1800-7888,11:50-21:00(15:00-17:30 브레이크타임),"주말&공휴일(64,500원/1인)"
119,냐옹지마,서울 영등포구 도림로141다길 13-2,,,
178,해적창고,"서울 영등포구 선유서로25길 26 1F, 2F",0507-1369-3241,10:00-22:00 (2층 식당 화요일 휴무),"특수부위모둠회(소/62,000원), 페루산 성게(25,000원), 감태밥(4,000원), 상차림(매운탕포함/인당 8,000원)"
4,묘수,서울 영등포구 선유서로25길 9-2 1층,0507-1328-7639,매일 17:00-01:00,"레드아이(6,000원), 묘수스시(27,000원), 어묵우동(7,000원), 타마고산도(6,000원)"
154,스시유,서울 영등포구 신길로 160 1층,0507-1340-4888(예약 가능),17:00-24:00 (매주 월요일 휴무),"오늘의 숙성회(2인/39,000원), 스시B(23,000원), 도미머리맑은탕(15,000원)"
44,아루히 니와,서울 영등포구 여의나루로 42 2층,,디너1부 5시20분/디너2부 7시50분,오마카세(1인/38000원)
98,여의도 쿠마,서울 영등포구 여의대방로69길 7 충무빌딩 2F,02-2645-7222,11:00-22:00 (12:30-18:00 브레이크 타임/일요일 휴무),오마카세 (인당/78000원)
49,회한접시 영등포점,서울 영등포구 영등포로50길 11 1층 회한접시 영등포점,0507-1319-6154,16:00-23:00 (매주 수요일 휴무),"2인세트(35,000원)"
176,바이킹스워프 영등포점(영등포점만 배달함),서울 영등포구 영중로 15 타임스퀘어 5F,1644-9244,,"랍스터찜(210000원), 모둠회(30000원), 모둠해산물(25000원),"
169,동해도 스시,서울 영등포구 은행로 25 안원빌딩 지하1층,0507-1439-6302,11:30-22:00(15:00-17:00 브레이크 타임),주말 공휴일 무한리필 (1인/29800원)
15,금자네회포장,서울 용산구 효창원로42길 38-14,02-717-1664,09:00-18:00(영업시간은 유연한 편),"청어회(100g/3000원), 숭어회(/100g7000원), 자연산 광어(100g/10000원)"
34,OK스시,"서울 은평구 응암로4길 22 대림시장 102호,112호",02-389-9888 (오전9시- 오전 10시 사이에 예약하는 걸 권장),"10:30-재료소진시까지(보통 1-2시면 문을 닫음), 일요일 휴무","OK초밥(7,000원), 회 한접시(20,000원)"
218,한판승부,서울 은평구 통일로83길 11-6 1층,0507-1410-0637,17:00-01:00(평일) 15:00-01:00(금토) *거리두기로 인해 달라질 수 있음,"오늘의 모둠회(58000원), 해장빌런알고니탕(19000원), 중화풍칠리새우 하프(10000원)"
76,막내회집(광교점),서울 종로구 우정국로 4-1,02-737-1551,11:00-22:00(매주 일요일 휴무),"회정식(인당13000원), 회덮밥(7000원)"
196,백령도횟집,서울 종로구 필운대로 112-1,02-737-4650,"11:30-22:00(15:00-17:00 브레이크 타임) 일요일 휴무, 추석 당일 휴무","회덮밥(14000원), 알탕(13000원)"
1,삼미식당 롯데백화점본점,서울 중구 남대문로 81 지하 1층 푸드코트,없음,백화점 영업시간과 동일,"대왕연어초밥(3개/9900원), 갑오징어초밥(4개/9900원), 연어뱃살(3개/15000원), 장어덮밥(16000원)"
235,무모한초밥 시청점,서울 중구 서소문로11길 19 A동 Goon LL층,0507-1423-0176,11:30-19:30(지점별로 상이함/자세한 건 전화로 문의),
144,슌락,서울 중랑구 겸재로 187-10 1층슌락,0507-1322-4459,17:00-22:00(일요일 휴무),"참돔고(소/65000원), 참돔머리구이(10000원), 새우튀김&생선카츠(10000원), 모찌리도후(6000원)"
81,쿠우쿠우 골드 상봉점,서울 중랑구 망우로 316 이지팰리스 3층,02-433-6274,11:00-22:00,"주말(31,900원)"
36,초밥아저씨,신림동 1602-1 신원시장,02-3281-2820,매일 13:00 - 22:00 (14:30~16:30브레이크타임/일요일 휴무),"일반모둠초밥(10개/5000원), 가족모둠초밥(대)(32개/19000원)"
89,마이코 신세계 백화점 강남점,신세계 백화점 강남점 지하 1층 푸드홀,02-2150-2439,10:30-20:00(금토일은 20:30까지),마이코 스피릿 세트(34000원)
69,바이킹스워프 롯데월드몰점(잠실점),신천동 29 롯데월드몰 4F,1644-3210,11:30-21:00(자세한 시간은 영상 참고),대게 프로모션 무한리필(1인/150달러)
115,심해6광구,울산 동구 방어동 1095-1,0507-1320-2448,전화로 문의,홍감펭(1.5kg/75000원)
17,간장게장 무한리필 꽃게생각,인천 계양구 계양문화로59번길 14 유정프라자 201호,0507-1314-9597,"11:00-21:00(16:00-17:00 브레이크 타임), 매달 2, 4번째 월요일 휴무","게장무한리필(1인/24,900원) *2인 이상 주문가능"
90,유진마트(유진참치),인천 계양구 아나지로 466,032-545-6012,10:00-20:30 (주말은 9시부터 시작),"광어지느러미초밥(10개/8,000원), 모둠회(22,000원), 물회(8,000원), 물회육수(1,500원), 민물장어구이(15,000원)"
172,용기포(횟집),인천 남동구 장승로 4,032-464-0090,,"성게(소/3만원), 홍어회(소/5만원), 담치(소/3만원)"
88,남동어시장,인천 남동구 하촌로71번길 45,0507-1438-9994,16:00-01:00(수요일 휴무),"모듬숙성회(60,000원/중)"
112,해구신 (네이버에 인천 '해구신'이라고 검색),"인천 남동구 호구포로810번길 38 1층, 2층",032-461-0346,11:00-03:00 연중무휴,회정식3인분(1인분 현금가/8000원/최소2인분 주문)
209,유씨네횟집,인천 미추홀구 매소홀로 81-13 1층 유씨네횟집,032-889-7778,17:00-24:00(매주 월 휴무),"모듬회세트(대/63,000원), 해물볶음우동(16,000원)"
202,유꼼포차,인천 미추홀구 신기길15번길 15 1층,0507-1365-3326,16:00-00:00(주말은 12:00부터),장어무한리필(1인/39000원)
194,싱싱강남어시장,인천 서구 가정로 305 싱싱 강남어시장,032-572-3336,11:00-01:00,"짐심특선 싱싱회정식(10,000원/인당)"
110,명현만의연평도간장게장 검단점,"인천 서구 완정로 172 서주빌딩 201호, 202호",0507-1379-1314,매일 11:00-21:00,"게장무한리필(1인/25900원), 공기밥(1000원)"
2,고쉐프의 신선한 초밥,인천 서구 청라에메랄드로41번길 20 101호,0507-1392-1848,11:00-22:00(14:30-16:30 브레이크 타임) 일요일 휴무,
96,연수회관,인천 연수구 샘말로7번길 12 1층 연수회관,070-8287-0076,"17:30-23:00 (물건매입, 재료소진 시 조기마감 및 휴무)","인당 3만원 숙성회(2인분), 인당 5만원 숙성회(2인분)"
157,민영활어공장 본점,인천 중구 연안부두로33번길 37,010-5824-3168,매일 08:30-17:00,"오마카세초밥(20,000원), 후토마끼(13,000원), 고등어봉초밥(15,000원), 회덮밥용 생선회(15,000원)"
175,연륙교 조개구이,"인천 중구 영종진광장로 64 1층 101~109호, 112호, 113호",032-751-5988,매일 10:00-22:00,"회정식(1인/20,000원)"
32,선녀풍2호점,인천 중구 용유서로 386 선녀풍2호점,0507-1403-0349,11:00-21:00(수요일 휴무),"용궁물회(소/35000원), 전복죽(18000원), 해물녹두전(15000원)"
130,기요항 (고양점),일산 현대 백화점 건너편 디엠시티 1층,0507-1392-4565,11:00-21:00(15:00-17:00 브레이크 타임),"기요항(15000원), 가니동(22000원), 제이타쿠동(29000원)"
189,갈릴리횟집,전남 고흥군 동일면 덕흥리 170-2,010-8555-7627,11:30-15:00(일요일 휴무/4-10월까지만 운영),회 무한리필 (1인당/25000원)
86,신지횟집,전남 완도군 완도읍 해변공원로 117,061-552-5244,매일 11:00 - 22:00,"전복백반(1인/15000원), 전복죽(15000원)"
67,우정회관,전북 고창군 심원면 심원로 196 우정회관,,금토일 오전 10:00-18:00 (소진시 영업종료),기본 게장 2인분 (1인분/25000원)
167,중앙생선가,전북 익산시 중앙로 22-125,063-854-5353,11:30-22:00 (다를 수 있음),"알내장탕(15000원), 산우럭탕(18000원)"
142,에덴수산,전북 전주시 덕진구 영동길 84,063-211-1702,12:00-21:00(15:00-17:00 브레이크타임/일 휴무),"향어회(2kg/28000원), 향어탕(3인분/8000원)"
151,어느멋진날(위미항),제주 서귀포시 남원읍 위미해안로 97,010-6380-9582,상황에 따라 유연(예약제이므로 문의),10만원 특수부위 오마카세(2인분)
40,올랭이와 물꾸럭 본점,제주 서귀포시 대정읍 신영로 93-5,0507-1321-5022(예약은 전화로 하시면 됩니다),17:00-21:00(금토일는 16:00-22:00),방어코스 4인(1인당/48000원)
8,광어다,제주 서귀포시 표선면 민속해안로 73 광해수산2층,064-787-8838,10:30-20:00(목요일 휴무),"대광어 한 접시(18000원), 광어 탕수어(18000원), 광어 회국수(10000원), 광어 미역국(10000원)"
47,메로왕,제주 제주시 서광로4길 6,064-751-2004,10:00-21:00(주일 휴무),"메로목살지리(15000원), 메로회(23000원), 메로튀김(13000원)"
155,제주 서문수산,제주 제주시 서문로4길 13-2 서문공설시장,,매일 17:00 - 22:00 (화요일 휴무),
227,스시테이카이센동 2호점,제주 제주시 연북로 440,064-727-7272,12:-21:00 (일요일 휴무/14:30-18:00 브레이크 타임),"넘치는 카이센동(38000원), 우니도로동(32000원), 1인 튀김(8000원)"
207,스시우다,제주 제주시 용마로 30,0507-1416-1589,12:00-22:00(수요일 휴무),오마카세A(인당55000원)
198,스시오터루,제주 제주시 인다2길 30,0507-1309-5271,11:00-21:30 (매일 영업이지만 휴무는 문의),사시미 오마카세(1인/50000원)
20,월령작야,제주 제주시 한림읍 월령3길 39-5 1층,,보통 18:00-23:00 (대부분 예약제라서 시간은 문의 필요),"쉐프의 추천 사시미(49000원/2인기준), 콜키지 비용(10000원)"
186,미래수산식당,충남 서산시 대산읍 삼길포1로 47,,매일 10:30-21:00(월요일은 오후 2시까지만),
211,스시다와요,"충남 천안시 서북구 쌍용대로 304 1층, 2층",041-577-4547,매일 11:30-24:00 (인력 문제로 영업시간이 유동적일 수 있음),"스페셜(20,000원)"
16,장씨해녀,,010-8512-1422,전화로 문의,"해물모둠(소/30000원), 말똥성게(한 접시/10000원), 전복죽(2인/20000원)"
25,오복수산 한남카페거리점,,,매일 11:30-21:30 (브레이크타임 15:00-17:00),
35,어사출도,,,영업장마다 상이함,"광어(10000원), 연어(10000원), 특가세트(10000원짜리 우럭회+명태양념구이+매운탕/23000원),"
45,엄마손횟집,,,오후 7시 한 타임만 운영 (매주 수요일 휴무),자연산 강담돔&벵에돔 (350000원/3인)
62,옹기꽃게장,,,매일 11:00-21:00 (15:00-16:30 브레이크 타임/월요일 휴무),"게장무한리필(1인/16900원)+밥은 필수 추가(1000원), 꽃게탕(소/4900원)"
68,,,,10:30-20:00 (연중 무휴/브레이크타임 없음),
72,,,,매일 12:00-20:30 (일요일 휴무),"선어모둠회(중/70000원), 맑은탕(5000원)"
102,광안리(충무로),,,17:00-24:00,"숙성회+육반연반+무제한 육사시미 리필(2-3인/55000원),"
113,끝판왕 무한리필(해물찜),,,매일 오후 17:00-22:00,무한리필 C코스 (인당 20800원)
122,일미횟집,,,11:00-21:00(영업시간 변동 가능성 있으므로 전화로 확인 필수),"쏘가리 1kg (쏘가리회, 회무침 야채, 매운탕, 밥/약 3-4인분)"
133,,,055-835-2229,05:00-22:00(점포에 따라 상이),5만원 어치 활어회
140,KAIJIN ไคจิน,,+66839977192,"17:00-22:00 (금토일만 영업/1, 2부로 운영)",오마카세
161,대막,,,,"2인 세트(33000원), 교쿠산도(4500원)"
163,만남의 집,,032-766-8432,12:00-21:00(일요일 휴무),"모둠회(소/20000원), 매운탕(소/20000원), 공기밥(1000원)"
181,,,알 수 없음,09:00-18:00,"스패너크랩(kg당/11000원), 태국굴(한 팩/3600원), 징거미새우(kg당/12500원),"
182,KAIJIN ไคจิน,,+66839977192,"17:00-22:00 (금토일만 영업/1, 2부로 운영)",오마카세
199,,,031-205-1725,13:00-03:00(수요일은 오후 3-4시부터),
214,,,,,"빙결 고급 숙성회 (21,900원/120g), 빙결 숙성 금태회 (34,000원/80~100g),"
223,라세느,,,평일 11:30-21:30(브레이크타임 14:30-18:00) / 주말 11:30-14:00(점심 1부) 14:00-16:00(점심 2부) / 17:30-19:30(저녁1부) 20:00-22:00(저녁 2부),평일 저녁 (1인당 123000원)
238,연어당,,,17:00-23:00 (일요일 휴무),
